INSERT INTO groups (group_id, group_code, group_name, create_datetime)
VALUES ('34dde3b1-15a1-4a19-8342-912b76d53727', 'GC_DEL_1', 'Group 1 for deleting', '2021-10-15 21:35:52.043333'),
       ('2eeaaa92-df65-4110-9b9f-20178f65bd0c', 'GC_DEL_2', 'Group 2 for deleting', '2021-10-15 21:35:52.043333'),
       ('ca9a884f-c7e2-4041-ae11-fda410a4f0be', 'GC_DEL_3', 'Group 3 for deleting', '2021-10-15 21:35:52.043333'),
       ('4201e0c6-157b-4cdc-8da2-ffceefbacbc5', 'GC_DEL_4', 'Group 4 for deleting', '2021-10-15 21:35:52.043333'),
       ('83c3869b-696d-4a6e-8da4-3d36666bab9d', 'INT_CR_0001', 'Intervention Contract - 0001', '2021-10-15 21:35:52.036667'),
       ('05ac35b9-ef9d-47c3-9409-cbcf334acd73', 'INT_CR_0002', 'Intervention Contract - 0002', '2021-10-15 21:35:52.036667'),
       ('ff76fc87-9d3f-4790-8b14-f67be6da724e', 'INT_CR_0003', 'Intervention Contract - 0003', '2021-10-15 21:35:52.036667'),
       ('24f36be2-93d7-4608-b106-bda9aa324523', 'INT_CR_0004', 'Intervention Contract - 0004', '2021-10-15 21:35:52.036667'),
       ('7d7c7f62-7d96-491f-b879-bd34182dad69', 'INT_CR_0005', 'Intervention Contract - 0005', '2021-10-15 21:35:52.036667'),
       ('9872981c-2fb4-4bb6-bfbe-40e662a92a60', 'INT_CR_0006', 'Intervention Contract - 0006', '2021-10-15 21:35:52.036667'),
       ('6b30bd55-8f75-4b0b-a647-42a34b0a383d', 'INT_SP_HARMONY_LIVING', 'Intervention Provider - Harmony Living', '2021-10-15 21:35:52.036667'),
       ('628eee33-5bcd-41c8-97a5-f655e8689ead', 'INT_SP_HOME_TRUST', 'Intervention Provider - Home Trust', '2021-10-15 21:35:52.036667'),
       ('ec678f32-9bc6-41fe-95bf-2d51cec3b655', 'PECS_AMERCC', 'PECS Court Amersham Crown Court', '2021-10-15 21:35:50.186667'),
       ('3dea39b5-e4bb-4448-87d0-14e436ab9326', 'PECS_BARRMC', 'PECS Court Barrow-in-Furness Magistrates Court', '2021-10-15 21:35:50.353333'),
       ('7e696b0a-dae9-40b2-8d3c-d7bf0c2bb7d3', 'PECS_BCCACC', 'PECS Court Birmingham Crown Court (Annex)', '2021-10-15 21:35:50.026667'),
       ('801fab26-1da9-4096-9104-81007be2f913', 'PECS_BOLTCC', 'PECS Court Bolton Crown Court', '2021-10-15 21:35:50.676667'),
       ('3832eda7-8b67-4295-8d12-772ff08d2424', 'PECS_BOLTMC', 'PECS Court Bolton Magistrates Court', '2021-10-15 21:35:50.676667'),
       ('f7ea4541-cd81-4688-845e-16957be371a7', 'PECS_BRGEMC', 'PECS Court Brighton Magistrates Court (Edward St)', '2021-10-15 21:35:50.353333'),
       ('047d3c83-b8ee-41e7-9b98-c973f7299ca6', 'PECS_CRNHMC', 'PECS Court Caernarfon Magistrates Court', '2021-10-15 21:35:50.353333'),
       ('9a8a534f-8215-463e-8e27-7fb46ef2f7e6', 'PECS_CRNRCC', 'PECS Court Caernarfon Crown Court', '2021-10-15 21:35:50.353333'),
       ('d885aaad-33e0-4b9a-a5c1-0cfdd2b7375e', 'PECS_CUCOCT', 'PECS Court Surrey Coroners Court', '2021-10-15 21:35:50.186667'),
       ('1f77a5ab-da1c-435a-b2b8-aa905200decf', 'PECS_DORKMC', 'PECS Court Dorking Magistrates Court', '2021-10-15 21:35:49.480000'),
       ('56a217db-b004-4f77-9c2a-f2119aff1017', 'PECS_DRB8', 'PECS Butterley Police Station', '2021-10-15 21:35:50.026667'),
       ('6a9f2e04-6fec-4527-b45d-63759aa2bff8', 'PECS_EXETCC', 'PECS Court Exeter Crown Court', '2021-10-15 21:35:50.676667'),
       ('2556d820-5712-4bde-8310-a0bc7555ddf1', 'PECS_EXETMC', 'PECS Court Exeter Magistrates Court', '2021-10-15 21:35:50.676667'),
       ('c911dbb6-1734-4f6e-9871-1072b1e30f4c', 'PECS_GLDFMC', 'PECS Court Guildford Magistrates Court', '2021-10-15 21:35:49.480000'),
       ('72b5bfa8-c574-40b3-bcf9-4c181b9c7580', 'PECS_GMP13', 'PECS Manchester Airport Police Station', '2021-10-15 21:35:49.713333'),
       ('accfc831-0583-4dcb-8af9-c59dc08c94db', 'PECS_GTSHMC', 'PECS Court Gateshead Magistrates Court', '2021-10-15 21:35:50.676667'),
       ('837e3f9d-c875-4f4b-b0ff-6f4204810b2e', 'PECS_HUNTCC', 'PECS Court Huntington Crown Court', '2021-10-15 21:35:50.753333'),
       ('f3c11861-a585-4406-bdb8-240e4b40be7e', 'PECS_HUNTMC', 'PECS Court Huntingdon Magistrates Court', '2021-10-15 21:35:50.676667'),
       ('73b7af69-2f5e-4827-ac84-3028cf051d36', 'PECS_HVRFMC', 'PECS Court Haverfordwest Magistrates Court', '2021-10-15 21:35:50.676667'),
       ('36faca4b-302e-40b7-bf28-0b41bb13dd5e', 'PECS_IOWICC', 'PECS Court Newport (IoW) Crown Court', '2021-10-15 21:35:50.676667'),
       ('d9ea502b-22ad-4df2-8001-a77a8e4aa84e', 'PECS_KLYNMC', 'PECS Court King''s Lynn Magistrates Court', '2021-10-15 21:35:50.353333'),
       ('77f18077-e6d9-4725-90ee-636597c5e13a', 'PECS_LEEDCC', 'PECS Court Leeds Crown Court', '2021-10-15 21:35:49.480000'),
       ('54505e3f-26de-4ca7-acbe-d170ae884358', 'PECS_MOLDCC', 'PECS Court Mold Crown Court', '2021-10-15 21:35:50.676667'),
       ('a33bf46e-29f8-4fc6-8cc7-8f1c836acae6', 'PECS_MOLDMC', 'PECS Court Mold Magistrates Court', '2021-10-15 21:35:50.676667'),
       ('1773d634-8df0-4e75-a061-af631cc79edd', 'PECS_MPS34', 'PECS Harrow Road Police Station', '2021-10-15 21:35:50.026667'),
       ('3f8d13b2-3e44-4473-9e75-b45e2885e3b9', 'PECS_MRS9', 'PECS St Helens Police Station', '2021-10-15 21:35:50.026667'),
       ('78d83855-b0fe-4b8e-ae3a-eb3ff16dc2f4', 'PECS_MRTHCC', 'PECS Court Merthyr Tydfil Crown Court', '2021-10-15 21:35:50.676667'),
       ('a004076e-489f-49eb-ac78-0fa9ccc19f94', 'PECS_MRTHMC', 'PECS Court Merthyr Tydfil Magistrates Court', '2021-10-15 21:35:50.676667'),
       ('3b6bf06a-008c-450b-a0e5-96b5e2eeaf76', 'PECS_NEUTCC', 'PECS Court Newcastle upon Tyne Crown Court (Quayside)', '2021-10-15 21:35:50.563333'),
       ('49f2f444-d35d-4a6b-88b5-20fa80b4d931', 'PECS_NUTMQC', 'PECS Court Newcastle upon Tyne Magistrates Court (Quayside)', '2021-10-15 21:35:50.563333'),
       ('6f90b7d7-d399-4ec0-a508-e7b88d818903', 'PECS_NWA6', 'PECS Holyhead (Anglesey) Police Station', '2021-10-15 21:35:50.026667'),
       ('316b45a8-e083-4b2a-a936-13f72475ddff', 'PECS_NWCSMC', 'PECS Court Newcastle upon Tyne Magistrates Court', '2021-10-15 21:35:50.026667'),
       ('fd0ca613-7f7e-45de-892c-d974009e46b6', 'PECS_NWPRMC', 'PECS Court Newport (IoW) Magistrates Court', '2021-10-15 21:35:49.613333'),
       ('63117b6e-3b82-4fbc-94a2-5e31af34bff8', 'PECS_PRCORC', 'PECS Court Preston Coroners Court', '2021-10-15 21:35:50.440000'),
       ('72f1b8f6-d211-48a3-ba4c-ebec27916c32', 'PECS_PRTTMC', 'PECS Court Port Talbot Magistrates Court', '2021-10-15 21:35:50.026667'),
       ('df28b040-6f57-4a5f-8979-4b0937a5f47d', 'PECS_RCHTMC', 'PECS Court Richmond upon Thames Magistrates Court', '2021-10-15 21:35:49.480000'),
       ('2553f42a-a5db-4ded-94b8-ada61c094441', 'PECS_RDHLMC', 'PECS Court Redhill Magistrates Court', '2021-10-15 21:35:49.480000'),
       ('15ce57d7-a0a7-46c6-90a7-33f42e6624d7', 'PECS_SALSCC', 'PECS Court Salisbury Crown Court', '2021-10-15 21:35:50.676667'),
       ('bcd51ca3-e9a5-49ff-8865-b4422f556a84', 'PECS_SALSMC', 'PECS Court Salisbury Magistrates Court', '2021-10-15 21:35:50.676667'),
       ('976b73c7-a924-46e8-b70f-3d5fb2f0d86e', 'PECS_SHWKMC', 'PECS Court South Warwickshire Magistrates Court', '2021-10-15 21:35:50.783333'),
       ('8b8bbc6a-f2e9-4dcf-8ff9-92bb4adf402f', 'PECS_SLOUMC', 'PECS Court Slough Magistrates Court', '2021-10-15 21:35:49.713333'),
       ('8d9f8855-360f-43d7-be52-6fff4b4c2c3b', 'PECS_SNAACC', 'PECS Court Snaresbrook Crown Court (Annex)', '2021-10-15 21:35:50.856667'),
       ('f4fd92ae-88df-4cee-a21d-5a370c04ee45', 'PECS_SOUTMC', 'PECS Court Southampton (WH) Magistrates Court', '2021-10-15 21:35:49.713333'),
       ('b7a5d380-c9e6-448d-a903-2fee98d44743', 'PECS_STAFMC', 'PECS Court Stafford Magistrates Court', '2021-10-15 21:35:50.353333'),
       ('3262b607-82c9-4285-9985-73e11cba9212', 'PECS_STOKCC', 'PECS Court Stoke-on-Trent Crown Court', '2021-10-15 21:35:50.753333'),
       ('20c69ca3-3d7d-41a3-99a5-50f7b2d87c39', 'PECS_STOTMC', 'PECS Court Stoke-on-Trent Magistrates Court', '2021-10-15 21:35:50.353333'),
       ('a55599f8-6d5c-4d08-b3ad-8386cc7f80c4', 'PECS_SUNDMC', 'PECS Court Sunderland Magistrates Court', '2021-10-15 21:35:50.676667'),
       ('5557fbaf-c7cc-48ae-bcfb-991e4119224a', 'PECS_SUS7', 'PECS Chichester Police Station', '2021-10-15 21:35:50.026667'),
       ('3c932de4-4b75-48b1-9a2d-78b760d0fc3b', 'PECS_SUTTMC', 'PECS Court Sutton Magistrates Court', '2021-10-15 21:35:49.480000'),
       ('f45d5f94-4f9f-4fa4-9130-977754285a2b', 'PECS_WARNCC', 'PECS Court Warrington Crown Court', '2021-10-15 21:35:50.563333'),
       ('974efaa3-426d-4402-948e-202172ad9dff', 'PECS_WARRMC', 'PECS Court Warrington Magistrates Court', '2021-10-15 21:35:50.563333'),
       ('f4b47876-c937-410e-a616-c0af9146643c', 'PECS_WINCMC', 'PECS Court Winchester Magistrates Court', '2021-10-15 21:35:50.353333'),
       ('f8ddcd05-4d53-4fba-bb56-8b14e1ec6a9b', 'PECS_WLT2', 'PECS Chippenham Police Station', '2021-10-15 21:35:50.026667'),
       ('fffa7292-e9b6-447f-b8de-92a515207347', 'PECS_WNCHCT', 'PECS Court Winchester County Court', '2021-10-15 21:35:49.713333'),
       ('1d8d50bf-54dc-4ee5-92ab-795f5276059f', 'PECS_WRWKCC', 'PECS Court Leamington Spa Crown Court', '2021-10-15 21:35:50.783333'),
       ('6abf473a-0944-49fc-b4da-c407d57631b9', 'PF_LONDON', 'Pathfinder Police - London', '2021-10-15 21:35:52.030000'),
       ('c83a6b23-b448-4afd-9776-e69829e7da72', 'PF_NATIONAL', 'Pathfinder Police - National', '2021-10-15 21:35:49.296667'),
       ('e2341cf6-19b1-4f67-8d8f-39dd653109b6', 'SITE_1_GROUP_1', 'Site 1 - Group 1', '2021-10-15 21:35:52.043333'),
       ('58c6db19-761c-454e-9ffd-809741220584', 'SITE_1_GROUP_2', 'Site 1 - Group 2', '2021-10-15 21:35:52.043333'),
       ('58c6db19-761c-454e-9ffd-809741220509', 'SITE_1_GROUP_3', 'Site 1 - Group 3', '2021-10-15 21:35:52.043333'),
       ('e6cd8053-e2e8-42f2-bca2-ad36f804b412', 'SITE_2_GROUP_1', 'Site 2 - Group 1', '2021-10-15 21:35:52.043333'),
       ('f675f256-6b28-4bf7-b675-4a53d241d815', 'SITE_3_GROUP_1', 'Site 3 - Group 1', '2021-10-15 21:35:52.043333'),
       ('5908d191-365a-450d-8464-f6c382772167', 'SITE_9_GROUP_1', 'Site 9 - Group 1', '2021-10-15 21:35:52.043333'),
       ('08c625c4-aaa6-4de1-8f01-8f432d80aed2', 'SOC_HQ', 'SOC Headquarters', '2021-10-15 21:35:50.416667'),
       ('09370fbb-d96b-46a8-9c21-8701a07660bc', 'SOC_NORTH_EAST', 'SOCU North East', '2021-10-15 21:35:49.430000'),
       ('b7eb7710-3a59-4200-acc8-7a4105d29718', 'SOC_NORTH_WEST', 'SOCU North West', '2021-10-15 21:35:49.430000'),
       ('ff7bd00b-ce03-4da0-95f1-a3fbea8ade13', 'VIDEO_LINK_COURT_USER', 'Video Link Court User', '2021-10-15 21:35:48.866667');

INSERT INTO child_group (child_group_id, child_group_code, child_group_name, group_id)
VALUES ('525c5989-7128-4590-8010-615641d06822', 'CHILD_1', 'Child - Site 1 - Group 2', '58c6db19-761c-454e-9ffd-809741220584'),
       ('752e4196-6bdd-4af9-aa15-cf70ad172958', 'CHILD_2', 'Child - Site 2 - Group 1', 'e6cd8053-e2e8-42f2-bca2-ad36f804b412'),
       ('117caeec-e78a-42b8-a287-58321e389df9', 'CHILD_3', 'Child - Site 2 - Group 1', 'e6cd8053-e2e8-42f2-bca2-ad36f804b412'),
       ('69398176-fe0b-4cd5-9903-a38f553a640e', 'CHILD_9', 'Child - Site 9 - Group 1', '5908d191-365a-450d-8464-f6c382772167'),
       ('3eb6773c-4802-47bb-ab42-dd7b08f43dfe', 'DEL_CHILD_1', 'Child - GC_DEL_3', 'ca9a884f-c7e2-4041-ae11-fda410a4f0be');

INSERT INTO group_assignable_role (role_id, group_id, automatic, create_datetime)
VALUES ('83e27e2f-989f-44aa-b91a-61c2010471bf', 'ff7bd00b-ce03-4da0-95f1-a3fbea8ade13', true, '2021-10-15 21:35:48.890000'),
       ('6b84d235-710c-4112-a449-7045d5d9cb35', 'ff7bd00b-ce03-4da0-95f1-a3fbea8ade13', true, '2021-10-15 21:35:48.913333'),
       ('3e2f0d25-948f-4591-a78a-a58f07982cb5', 'ff7bd00b-ce03-4da0-95f1-a3fbea8ade13', true, '2021-10-15 21:35:48.940000'),
       ('d179afdd-6f9c-4788-a02d-9ee3ba4a600d', 'c83a6b23-b448-4afd-9776-e69829e7da72', true, '2021-10-15 21:35:49.296667'),
       ('c3f66ba8-9b07-4c66-82db-8004cc2fac19', 'c911dbb6-1734-4f6e-9871-1072b1e30f4c', true, '2021-10-15 21:35:49.480000'),
       ('c3f66ba8-9b07-4c66-82db-8004cc2fac19', '1f77a5ab-da1c-435a-b2b8-aa905200decf', true, '2021-10-15 21:35:49.480000'),
       ('c3f66ba8-9b07-4c66-82db-8004cc2fac19', '2553f42a-a5db-4ded-94b8-ada61c094441', true, '2021-10-15 21:35:49.480000'),
       ('c3f66ba8-9b07-4c66-82db-8004cc2fac19', 'df28b040-6f57-4a5f-8979-4b0937a5f47d', true, '2021-10-15 21:35:49.480000'),
       ('c3f66ba8-9b07-4c66-82db-8004cc2fac19', '3c932de4-4b75-48b1-9a2d-78b760d0fc3b', true, '2021-10-15 21:35:49.480000'),
       ('c3f66ba8-9b07-4c66-82db-8004cc2fac19', '77f18077-e6d9-4725-90ee-636597c5e13a', true, '2021-10-15 21:35:49.480000'),
       ('c3f66ba8-9b07-4c66-82db-8004cc2fac19', 'fd0ca613-7f7e-45de-892c-d974009e46b6', true, '2021-10-15 21:35:49.613333'),
       ('c3f66ba8-9b07-4c66-82db-8004cc2fac19', '8b8bbc6a-f2e9-4dcf-8ff9-92bb4adf402f', true, '2021-10-15 21:35:49.713333'),
       ('c3f66ba8-9b07-4c66-82db-8004cc2fac19', 'f4fd92ae-88df-4cee-a21d-5a370c04ee45', true, '2021-10-15 21:35:49.713333'),
       ('c3f66ba8-9b07-4c66-82db-8004cc2fac19', 'fffa7292-e9b6-447f-b8de-92a515207347', true, '2021-10-15 21:35:49.713333'),
       ('063a6459-7130-4b63-a542-b4ea3e1f691c', '72b5bfa8-c574-40b3-bcf9-4c181b9c7580', true, '2021-10-15 21:35:49.713333'),
       ('c3f66ba8-9b07-4c66-82db-8004cc2fac19', '7e696b0a-dae9-40b2-8d3c-d7bf0c2bb7d3', true, '2021-10-15 21:35:50.026667'),
       ('c3f66ba8-9b07-4c66-82db-8004cc2fac19', '316b45a8-e083-4b2a-a936-13f72475ddff', true, '2021-10-15 21:35:50.026667'),
       ('c3f66ba8-9b07-4c66-82db-8004cc2fac19', '72f1b8f6-d211-48a3-ba4c-ebec27916c32', true, '2021-10-15 21:35:50.026667'),
       ('063a6459-7130-4b63-a542-b4ea3e1f691c', '5557fbaf-c7cc-48ae-bcfb-991e4119224a', true, '2021-10-15 21:35:50.026667'),
       ('063a6459-7130-4b63-a542-b4ea3e1f691c', '1773d634-8df0-4e75-a061-af631cc79edd', true, '2021-10-15 21:35:50.026667'),
       ('063a6459-7130-4b63-a542-b4ea3e1f691c', 'f8ddcd05-4d53-4fba-bb56-8b14e1ec6a9b', true, '2021-10-15 21:35:50.026667'),
       ('063a6459-7130-4b63-a542-b4ea3e1f691c', '56a217db-b004-4f77-9c2a-f2119aff1017', true, '2021-10-15 21:35:50.026667'),
       ('063a6459-7130-4b63-a542-b4ea3e1f691c', '6f90b7d7-d399-4ec0-a508-e7b88d818903', true, '2021-10-15 21:35:50.026667'),
       ('063a6459-7130-4b63-a542-b4ea3e1f691c', '3f8d13b2-3e44-4473-9e75-b45e2885e3b9', true, '2021-10-15 21:35:50.026667'),
       ('e6a53633-7e45-4b42-b6a8-e95ab1039d8d', '72b5bfa8-c574-40b3-bcf9-4c181b9c7580', true, '2021-10-15 21:35:50.076667'),
       ('e6a53633-7e45-4b42-b6a8-e95ab1039d8d', 'f8ddcd05-4d53-4fba-bb56-8b14e1ec6a9b', true, '2021-10-15 21:35:50.076667'),
       ('e6a53633-7e45-4b42-b6a8-e95ab1039d8d', '5557fbaf-c7cc-48ae-bcfb-991e4119224a', true, '2021-10-15 21:35:50.076667'),
       ('e6a53633-7e45-4b42-b6a8-e95ab1039d8d', '1773d634-8df0-4e75-a061-af631cc79edd', true, '2021-10-15 21:35:50.076667'),
       ('e6a53633-7e45-4b42-b6a8-e95ab1039d8d', '3f8d13b2-3e44-4473-9e75-b45e2885e3b9', true, '2021-10-15 21:35:50.076667'),
       ('e6a53633-7e45-4b42-b6a8-e95ab1039d8d', '6f90b7d7-d399-4ec0-a508-e7b88d818903', true, '2021-10-15 21:35:50.076667'),
       ('e6a53633-7e45-4b42-b6a8-e95ab1039d8d', '56a217db-b004-4f77-9c2a-f2119aff1017', true, '2021-10-15 21:35:50.076667'),
       ('c3f66ba8-9b07-4c66-82db-8004cc2fac19', 'ec678f32-9bc6-41fe-95bf-2d51cec3b655', true, '2021-10-15 21:35:50.186667'),
       ('c3f66ba8-9b07-4c66-82db-8004cc2fac19', 'd885aaad-33e0-4b9a-a5c1-0cfdd2b7375e', true, '2021-10-15 21:35:50.186667'),
       ('c3f66ba8-9b07-4c66-82db-8004cc2fac19', '3dea39b5-e4bb-4448-87d0-14e436ab9326', true, '2021-10-15 21:35:50.353333'),
       ('c3f66ba8-9b07-4c66-82db-8004cc2fac19', 'd9ea502b-22ad-4df2-8001-a77a8e4aa84e', true, '2021-10-15 21:35:50.353333'),
       ('c3f66ba8-9b07-4c66-82db-8004cc2fac19', '20c69ca3-3d7d-41a3-99a5-50f7b2d87c39', true, '2021-10-15 21:35:50.353333'),
       ('c3f66ba8-9b07-4c66-82db-8004cc2fac19', '047d3c83-b8ee-41e7-9b98-c973f7299ca6', true, '2021-10-15 21:35:50.353333'),
       ('c3f66ba8-9b07-4c66-82db-8004cc2fac19', '9a8a534f-8215-463e-8e27-7fb46ef2f7e6', true, '2021-10-15 21:35:50.353333'),
       ('c3f66ba8-9b07-4c66-82db-8004cc2fac19', 'b7a5d380-c9e6-448d-a903-2fee98d44743', true, '2021-10-15 21:35:50.353333'),
       ('c3f66ba8-9b07-4c66-82db-8004cc2fac19', 'f4b47876-c937-410e-a616-c0af9146643c', true, '2021-10-15 21:35:50.353333'),
       ('c3f66ba8-9b07-4c66-82db-8004cc2fac19', 'f7ea4541-cd81-4688-845e-16957be371a7', true, '2021-10-15 21:35:50.353333'),
       ('07023294-ae59-4680-8fb4-f6e811baf0ab', '08c625c4-aaa6-4de1-8f01-8f432d80aed2', true, '2021-10-15 21:35:50.416667'),
       ('c3f66ba8-9b07-4c66-82db-8004cc2fac19', '63117b6e-3b82-4fbc-94a2-5e31af34bff8', true, '2021-10-15 21:35:50.440000'),
       ('c3f66ba8-9b07-4c66-82db-8004cc2fac19', 'f45d5f94-4f9f-4fa4-9130-977754285a2b', true, '2021-10-15 21:35:50.563333'),
       ('c3f66ba8-9b07-4c66-82db-8004cc2fac19', '974efaa3-426d-4402-948e-202172ad9dff', true, '2021-10-15 21:35:50.563333'),
       ('c3f66ba8-9b07-4c66-82db-8004cc2fac19', '3b6bf06a-008c-450b-a0e5-96b5e2eeaf76', true, '2021-10-15 21:35:50.563333'),
       ('c3f66ba8-9b07-4c66-82db-8004cc2fac19', '49f2f444-d35d-4a6b-88b5-20fa80b4d931', true, '2021-10-15 21:35:50.563333'),
       ('c3f66ba8-9b07-4c66-82db-8004cc2fac19', '801fab26-1da9-4096-9104-81007be2f913', true, '2021-10-15 21:35:50.676667'),
       ('c3f66ba8-9b07-4c66-82db-8004cc2fac19', '3832eda7-8b67-4295-8d12-772ff08d2424', true, '2021-10-15 21:35:50.680000'),
       ('c3f66ba8-9b07-4c66-82db-8004cc2fac19', '2556d820-5712-4bde-8310-a0bc7555ddf1', true, '2021-10-15 21:35:50.680000'),
       ('c3f66ba8-9b07-4c66-82db-8004cc2fac19', '6a9f2e04-6fec-4527-b45d-63759aa2bff8', true, '2021-10-15 21:35:50.680000'),
       ('c3f66ba8-9b07-4c66-82db-8004cc2fac19', 'accfc831-0583-4dcb-8af9-c59dc08c94db', true, '2021-10-15 21:35:50.680000'),
       ('c3f66ba8-9b07-4c66-82db-8004cc2fac19', '73b7af69-2f5e-4827-ac84-3028cf051d36', true, '2021-10-15 21:35:50.680000'),
       ('c3f66ba8-9b07-4c66-82db-8004cc2fac19', 'f3c11861-a585-4406-bdb8-240e4b40be7e', true, '2021-10-15 21:35:50.680000'),
       ('c3f66ba8-9b07-4c66-82db-8004cc2fac19', '36faca4b-302e-40b7-bf28-0b41bb13dd5e', true, '2021-10-15 21:35:50.680000'),
       ('c3f66ba8-9b07-4c66-82db-8004cc2fac19', '78d83855-b0fe-4b8e-ae3a-eb3ff16dc2f4', true, '2021-10-15 21:35:50.680000'),
       ('c3f66ba8-9b07-4c66-82db-8004cc2fac19', 'a004076e-489f-49eb-ac78-0fa9ccc19f94', true, '2021-10-15 21:35:50.680000'),
       ('c3f66ba8-9b07-4c66-82db-8004cc2fac19', '54505e3f-26de-4ca7-acbe-d170ae884358', true, '2021-10-15 21:35:50.680000'),
       ('c3f66ba8-9b07-4c66-82db-8004cc2fac19', 'a33bf46e-29f8-4fc6-8cc7-8f1c836acae6', true, '2021-10-15 21:35:50.680000'),
       ('c3f66ba8-9b07-4c66-82db-8004cc2fac19', '15ce57d7-a0a7-46c6-90a7-33f42e6624d7', true, '2021-10-15 21:35:50.680000'),
       ('c3f66ba8-9b07-4c66-82db-8004cc2fac19', 'bcd51ca3-e9a5-49ff-8865-b4422f556a84', true, '2021-10-15 21:35:50.680000'),
       ('c3f66ba8-9b07-4c66-82db-8004cc2fac19', 'a55599f8-6d5c-4d08-b3ad-8386cc7f80c4', true, '2021-10-15 21:35:50.680000'),
       ('c3f66ba8-9b07-4c66-82db-8004cc2fac19', '3262b607-82c9-4285-9985-73e11cba9212', true, '2021-10-15 21:35:50.753333'),
       ('c3f66ba8-9b07-4c66-82db-8004cc2fac19', '837e3f9d-c875-4f4b-b0ff-6f4204810b2e', true, '2021-10-15 21:35:50.753333'),
       ('c3f66ba8-9b07-4c66-82db-8004cc2fac19', '1d8d50bf-54dc-4ee5-92ab-795f5276059f', true, '2021-10-15 21:35:50.783333'),
       ('c3f66ba8-9b07-4c66-82db-8004cc2fac19', '976b73c7-a924-46e8-b70f-3d5fb2f0d86e', true, '2021-10-15 21:35:50.783333'),
       ('c3f66ba8-9b07-4c66-82db-8004cc2fac19', '8d9f8855-360f-43d7-be52-6fff4b4c2c3b', true, '2021-10-15 21:35:50.856667'),
       ('d179afdd-6f9c-4788-a02d-9ee3ba4a600d', '6abf473a-0944-49fc-b4da-c407d57631b9', true, '2021-10-15 21:35:52.030000'),
       ('6b84d235-710c-4112-a449-7045d5d9cb35', 'e2341cf6-19b1-4f67-8d8f-39dd653109b6', true, '2021-10-15 21:35:52.046667'),
       ('fed13351-3f33-49d0-a61f-f952cf2989d1', 'e2341cf6-19b1-4f67-8d8f-39dd653109b6', true, '2021-10-15 21:35:52.046667'),
       ('4f382076-45ab-44d1-8af0-d8c53b5affda', 'e2341cf6-19b1-4f67-8d8f-39dd653109b6', false, '2021-10-15 21:35:52.046667'),
       ('6b84d235-710c-4112-a449-7045d5d9cb35', '58c6db19-761c-454e-9ffd-809741220584', true, '2021-10-15 21:35:52.046667'),
       ('fed13351-3f33-49d0-a61f-f952cf2989d1', '58c6db19-761c-454e-9ffd-809741220584', true, '2021-10-15 21:35:52.046667');
